City,avg_risk,hotspot_months
Delhi,0.8444527736131934,46
Mumbai,0.7758620689655172,16
Bangalore,0.7155172413793103,1
